<?xml version='1.0' encoding='utf-8'?>
<!DOCTYPE hibernate-configuration PUBLIC
"-//Hibernate/Hibernate Configuration DTD 3.0//EN"
"http://hibernate.sourceforge.net/hibernate-configuration-3.0.dtd">
<hibernate-configuration>
	<session-factory>
		<!-- Database connection settings -->
		<property name="connection.driver_class">com.mysql.jdbc.Driver</property>
		<property name="connection.url">jdbc:mysql://localhost:3306/studdb</property>
		<property name="connection.username">root</property>
		<property name="connection.password">root</property>
		<property name="hbm2ddl.auto">update</property>
		<property name="dialect">org.hibernate.dialect.MySQL5Dialect</property>
		<property name="hibernate.connection.pool_size">10</property>
		<property name="show_sql">true</property>
		<property name="hibernate.current_session_context_class">thread</property>
		<mapping class="com.hcl.student.model.College" />
		<mapping class="com.hcl.student.model.Student" />
	</session-factory>
</hibernate-configuration>